,chosen_arms,rewards
0,432,0.0
1,1420,0.0
2,6448,0.0
3,1428,0.0
4,6206,0.0
5,3330,0.0
6,3355,0.0
7,4099,0.0
8,5103,0.0
9,432,0.0
10,2373,46.0
11,432,46.0
12,432,0.0
13,432,0.0
14,432,0.0
15,432,0.0
16,432,0.0
17,432,0.0
18,432,0.0
19,432,46.0
20,432,0.0
21,432,0.0
22,432,0.0
23,432,46.0
24,432,0.0
25,432,0.0
26,432,0.0
27,432,0.0
28,432,0.0
29,432,46.0
30,432,46.0
31,432,46.0
32,432,46.0
33,432,0.0
34,432,0.0
35,432,46.0
36,432,0.0
37,432,0.0
38,432,0.0
39,432,0.0
40,432,46.0
41,432,0.0
42,432,0.0
43,432,0.0
44,432,0.0
45,432,0.0
46,432,0.0
47,432,0.0
48,432,0.0
49,432,46.0
50,432,0.0
51,432,0.0
52,432,0.0
53,432,0.0
54,432,0.0
55,432,0.0
56,432,0.0
57,432,0.0
58,432,0.0
59,432,0.0
60,432,0.0
61,432,0.0
62,432,0.0
63,432,0.0
64,432,0.0
65,432,0.0
66,432,0.0
67,432,0.0
68,432,0.0
69,432,0.0
70,432,0.0
71,432,46.0
72,432,46.0
73,432,0.0
74,432,0.0
75,432,0.0
76,432,0.0
77,432,0.0
78,432,0.0
79,432,0.0
80,432,0.0
81,432,0.0
82,432,46.0
83,432,46.0
84,432,46.0
85,432,0.0
86,432,0.0
87,432,0.0
88,432,0.0
89,432,0.0
90,432,0.0
91,432,0.0
92,432,46.0
93,432,0.0
94,432,0.0
95,432,0.0
96,432,0.0
97,432,0.0
98,432,0.0
99,432,46.0
100,432,0.0
101,432,0.0
102,432,46.0
103,432,0.0
104,432,0.0
105,432,0.0
106,432,0.0
107,432,0.0
108,432,0.0
109,432,46.0
110,432,0.0
111,432,0.0
112,432,0.0
113,432,0.0
114,432,0.0
115,432,0.0
116,432,0.0
117,432,0.0
118,432,0.0
119,432,0.0
120,432,0.0
121,432,0.0
122,432,0.0
123,432,0.0
124,432,0.0
125,432,46.0
126,432,0.0
127,432,0.0
128,432,0.0
129,432,0.0
130,432,46.0
131,432,0.0
132,432,0.0
133,432,46.0
134,432,0.0
135,432,0.0
136,432,0.0
137,432,0.0
138,432,0.0
139,432,46.0
140,432,0.0
141,432,0.0
142,432,0.0
143,432,0.0
144,432,0.0
145,432,0.0
146,432,0.0
147,432,0.0
148,432,0.0
149,432,0.0
150,432,0.0
151,432,0.0
152,432,46.0
153,432,0.0
154,432,46.0
155,432,0.0
156,432,46.0
157,432,0.0
158,432,0.0
159,432,0.0
160,432,46.0
161,432,46.0
162,432,0.0
163,432,0.0
164,432,0.0
165,432,0.0
166,432,0.0
167,432,46.0
168,432,0.0
169,432,0.0
170,432,46.0
171,432,46.0
172,432,0.0
173,432,0.0
174,432,0.0
175,432,0.0
176,432,0.0
177,432,0.0
178,432,0.0
179,432,0.0
180,432,0.0
181,432,0.0
182,432,46.0
183,432,0.0
184,432,0.0
185,432,46.0
186,432,0.0
187,432,0.0
188,432,46.0
189,432,46.0
190,432,46.0
191,432,0.0
192,432,0.0
193,432,0.0
194,432,46.0
195,432,0.0
196,432,0.0
197,432,0.0
198,432,0.0
199,432,0.0
200,432,0.0
201,432,0.0
202,432,0.0
203,432,0.0
204,432,0.0
205,432,46.0
206,432,46.0
207,432,0.0
208,432,0.0
209,432,0.0
210,432,0.0
211,432,0.0
212,432,46.0
213,432,0.0
214,432,46.0
215,432,0.0
216,432,0.0
217,432,0.0
218,432,0.0
219,432,0.0
220,432,0.0
221,432,0.0
222,432,0.0
223,432,0.0
224,432,0.0
225,432,0.0
226,432,0.0
227,432,0.0
228,432,0.0
229,432,46.0
230,432,0.0
231,432,0.0
232,432,46.0
233,432,0.0
234,432,0.0
235,432,0.0
236,432,0.0
237,432,0.0
238,432,0.0
239,432,0.0
240,432,0.0
241,432,0.0
242,432,0.0
243,432,0.0
244,432,46.0
245,432,0.0
246,432,0.0
247,432,0.0
248,432,46.0
249,432,0.0
250,432,0.0
251,432,0.0
252,432,0.0
253,432,46.0
254,432,0.0
255,432,0.0
256,432,0.0
257,432,0.0
258,432,0.0
259,432,0.0
260,432,0.0
261,432,46.0
262,432,0.0
263,432,46.0
264,432,46.0
265,432,0.0
266,432,0.0
267,432,0.0
268,432,46.0
269,432,0.0
270,432,0.0
271,432,46.0
272,432,0.0
273,432,0.0
274,432,0.0
275,432,0.0
276,432,0.0
277,432,0.0
278,432,0.0
279,432,0.0
280,432,0.0
281,432,0.0
282,432,0.0
283,432,0.0
284,432,46.0
285,432,0.0
286,432,0.0
287,432,0.0
288,432,0.0
289,432,0.0
290,432,46.0
291,432,0.0
292,432,0.0
293,432,0.0
294,432,46.0
295,432,0.0
296,432,0.0
297,432,0.0
298,432,46.0
299,432,0.0
300,432,46.0
301,432,0.0
302,432,0.0
303,432,46.0
304,432,0.0
305,432,0.0
306,432,0.0
307,432,0.0
308,432,0.0
309,432,0.0
310,432,0.0
311,432,0.0
312,432,0.0
313,432,0.0
314,432,0.0
315,432,0.0
316,432,0.0
317,432,0.0
318,432,0.0
319,432,46.0
320,432,0.0
321,432,0.0
322,432,0.0
323,432,46.0
324,432,0.0
325,432,0.0
326,432,0.0
327,432,0.0
328,432,0.0
329,432,0.0
330,432,0.0
331,432,0.0
332,432,0.0
333,432,0.0
334,432,0.0
335,432,0.0
336,432,0.0
337,432,0.0
338,432,46.0
339,432,0.0
340,432,0.0
341,432,0.0
342,432,0.0
343,432,0.0
344,432,46.0
345,432,0.0
346,432,0.0
347,432,0.0
348,432,0.0
349,432,0.0
350,432,0.0
351,432,0.0
352,432,0.0
353,432,0.0
354,432,0.0
355,432,0.0
356,432,0.0
357,432,0.0
358,432,0.0
359,432,0.0
360,432,0.0
361,432,0.0
362,432,46.0
363,432,0.0
364,432,0.0
365,432,0.0
366,432,46.0
367,432,0.0
368,432,0.0
369,432,0.0
370,432,0.0
371,432,0.0
372,432,0.0
373,432,0.0
374,432,0.0
375,432,0.0
376,432,0.0
377,432,46.0
378,432,0.0
379,432,0.0
380,432,0.0
381,432,0.0
382,432,0.0
383,432,0.0
384,432,0.0
385,432,0.0
386,432,0.0
387,432,0.0
388,432,0.0
389,432,0.0
390,432,0.0
391,432,0.0
392,432,46.0
393,432,0.0
394,432,0.0
395,432,0.0
396,432,0.0
397,432,0.0
398,432,0.0
399,432,0.0
400,432,0.0
401,432,0.0
402,432,0.0
403,432,0.0
404,432,0.0
405,432,0.0
406,432,46.0
407,432,46.0
408,432,0.0
409,432,0.0
410,432,0.0
411,432,46.0
412,432,0.0
413,432,0.0
414,432,0.0
415,432,0.0
416,432,0.0
417,432,0.0
418,432,0.0
419,432,0.0
420,432,0.0
421,432,0.0
422,432,46.0
423,432,0.0
424,432,0.0
425,432,0.0
426,432,0.0
427,432,0.0
428,432,0.0
429,432,0.0
430,432,46.0
431,432,0.0
432,432,0.0
433,432,0.0
434,432,46.0
435,432,0.0
436,432,0.0
437,432,0.0
438,432,0.0
439,432,0.0
440,432,0.0
441,432,0.0
442,432,0.0
443,432,0.0
444,432,46.0
445,432,0.0
446,432,0.0
447,432,46.0
448,432,0.0
449,432,0.0
450,432,0.0
451,432,0.0
452,432,0.0
453,432,0.0
454,432,0.0
455,432,0.0
456,432,0.0
457,432,0.0
458,432,0.0
459,432,0.0
460,432,0.0
461,432,0.0
462,432,0.0
463,432,46.0
464,432,0.0
465,432,46.0
466,432,0.0
467,432,0.0
468,432,46.0
469,432,46.0
470,432,0.0
471,432,46.0
472,432,0.0
473,432,0.0
474,432,46.0
475,432,46.0
476,432,0.0
477,432,0.0
478,432,0.0
479,432,46.0
480,432,0.0
481,432,0.0
482,432,0.0
483,432,0.0
484,432,46.0
485,432,0.0
486,432,46.0
487,432,46.0
488,432,0.0
489,432,0.0
490,432,0.0
491,432,0.0
492,432,0.0
493,432,0.0
494,432,0.0
495,432,0.0
496,432,0.0
497,432,0.0
498,432,0.0
499,432,0.0
500,432,46.0
501,432,0.0
502,432,0.0
503,432,0.0
504,432,0.0
505,432,46.0
506,432,0.0
507,432,46.0
508,432,0.0
509,432,0.0
510,432,0.0
511,432,0.0
512,432,0.0
513,432,0.0
514,432,0.0
515,432,0.0
516,432,0.0
517,432,0.0
518,432,0.0
519,432,46.0
520,432,46.0
521,432,0.0
522,432,0.0
523,432,0.0
524,432,46.0
525,432,0.0
526,432,46.0
527,432,0.0
528,432,46.0
529,432,0.0
530,432,0.0
531,432,0.0
532,432,46.0
533,432,0.0
534,432,0.0
535,432,0.0
536,432,0.0
537,432,0.0
538,432,0.0
539,432,0.0
540,432,0.0
541,432,0.0
542,432,0.0
543,432,46.0
544,432,0.0
545,432,0.0
546,432,0.0
547,432,0.0
548,432,0.0
549,432,0.0
550,432,0.0
551,432,0.0
552,432,0.0
553,432,0.0
554,432,0.0
555,432,0.0
556,432,0.0
557,432,0.0
558,432,0.0
559,432,0.0
560,432,0.0
561,432,0.0
562,432,0.0
563,432,0.0
564,432,0.0
565,432,0.0
566,432,0.0
567,432,0.0
568,432,0.0
569,432,0.0
570,432,0.0
571,432,0.0
572,432,0.0
573,432,0.0
574,432,0.0
575,432,0.0
576,432,0.0
577,432,0.0
578,432,0.0
579,432,0.0
580,432,0.0
581,432,46.0
582,432,0.0
583,432,0.0
584,432,0.0
585,432,0.0
586,432,0.0
587,432,0.0
588,432,0.0
589,432,0.0
590,432,0.0
591,432,0.0
592,432,0.0
593,432,0.0
594,432,0.0
595,432,0.0
596,432,0.0
597,432,0.0
598,432,0.0
599,432,0.0
600,432,0.0
601,432,0.0
602,432,46.0
603,432,46.0
604,432,0.0
605,432,0.0
606,432,0.0
607,432,0.0
608,432,0.0
609,432,0.0
610,432,0.0
611,432,0.0
612,432,0.0
613,432,0.0
614,432,0.0
615,432,0.0
616,432,0.0
617,432,0.0
618,432,0.0
619,432,0.0
620,432,0.0
621,432,0.0
622,432,0.0
623,432,0.0
624,432,0.0
625,432,0.0
626,432,46.0
627,432,0.0
628,432,0.0
629,432,0.0
630,432,0.0
631,432,0.0
632,432,0.0
633,432,0.0
634,432,0.0
635,432,46.0
636,432,0.0
637,432,0.0
638,432,0.0
639,432,0.0
640,432,0.0
641,432,0.0
642,432,0.0
643,432,0.0
644,432,0.0
645,432,46.0
646,432,0.0
647,432,0.0
648,432,0.0
649,432,0.0
650,432,0.0
651,432,0.0
652,432,0.0
653,432,0.0
654,432,46.0
655,432,0.0
656,432,0.0
657,432,0.0
658,432,0.0
659,432,0.0
660,432,0.0
661,432,0.0
662,432,0.0
663,432,46.0
664,432,0.0
665,432,46.0
666,432,0.0
667,432,0.0
668,432,0.0
669,432,0.0
670,432,46.0
671,432,0.0
672,432,0.0
673,432,0.0
674,432,0.0
675,432,0.0
676,432,46.0
677,432,0.0
678,432,0.0
679,432,0.0
680,432,0.0
681,432,46.0
682,432,0.0
683,432,0.0
684,432,0.0
685,432,0.0
686,432,0.0
687,432,0.0
688,432,46.0
689,432,0.0
690,432,0.0
691,432,0.0
692,432,46.0
693,432,0.0
694,432,0.0
695,432,0.0
696,432,0.0
697,432,0.0
698,432,0.0
699,432,0.0
700,432,0.0
701,432,0.0
702,432,0.0
703,432,0.0
704,432,46.0
705,432,46.0
706,432,0.0
707,432,0.0
708,432,0.0
709,432,0.0
710,432,0.0
711,432,0.0
712,432,0.0
713,432,46.0
714,432,46.0
715,432,0.0
716,432,0.0
717,432,46.0
718,432,0.0
719,432,0.0
720,432,0.0
721,432,0.0
722,432,0.0
723,432,0.0
724,432,0.0
725,432,0.0
726,432,0.0
727,432,0.0
728,432,0.0
729,432,0.0
730,432,0.0
731,432,0.0
732,432,0.0
733,432,0.0
734,432,0.0
735,432,0.0
736,432,0.0
737,432,0.0
738,432,0.0
739,432,0.0
740,432,0.0
741,432,0.0
742,432,0.0
743,432,46.0
744,432,0.0
745,432,0.0
746,432,0.0
747,432,0.0
748,432,0.0
749,432,0.0
750,432,0.0
751,432,0.0
752,432,0.0
753,432,0.0
754,432,0.0
755,432,0.0
756,432,0.0
757,432,0.0
758,432,0.0
759,432,0.0
760,432,0.0
761,432,0.0
762,432,0.0
763,432,0.0
764,432,0.0
765,432,0.0
766,432,0.0
767,432,0.0
768,432,0.0
769,432,0.0
770,432,0.0
771,432,46.0
772,432,0.0
773,432,0.0
774,432,0.0
775,432,0.0
776,432,46.0
777,432,0.0
778,432,0.0
779,432,0.0
780,432,46.0
781,432,0.0
782,432,0.0
783,432,0.0
784,432,0.0
785,432,0.0
786,432,0.0
787,432,46.0
788,432,0.0
789,432,46.0
790,432,0.0
791,432,0.0
792,432,0.0
793,432,0.0
794,432,0.0
795,432,0.0
796,432,0.0
797,432,0.0
798,432,0.0
799,432,46.0
800,432,0.0
801,432,0.0
802,432,46.0
803,432,0.0
804,432,46.0
805,432,0.0
806,432,0.0
807,432,46.0
808,432,0.0
809,432,0.0
810,432,0.0
811,432,0.0
812,432,0.0
813,432,46.0
814,432,0.0
815,432,0.0
816,432,46.0
817,432,0.0
818,432,0.0
819,432,0.0
820,432,46.0
821,432,0.0
822,432,0.0
823,432,0.0
824,432,46.0
825,432,0.0
826,432,0.0
827,432,0.0
828,432,46.0
829,432,0.0
830,432,0.0
831,432,46.0
832,432,0.0
833,432,0.0
834,432,0.0
835,432,46.0
836,432,0.0
837,432,0.0
838,432,0.0
839,432,0.0
840,432,0.0
841,432,0.0
842,432,0.0
843,432,0.0
844,432,46.0
845,432,0.0
846,432,0.0
847,432,0.0
848,432,0.0
849,432,0.0
850,432,46.0
851,432,0.0
852,432,0.0
853,432,0.0
854,432,0.0
855,432,0.0
856,432,0.0
857,432,46.0
858,432,46.0
859,432,0.0
860,432,0.0
861,432,46.0
862,432,0.0
863,432,46.0
864,432,0.0
865,432,46.0
866,432,46.0
867,432,0.0
868,432,0.0
869,432,0.0
870,432,0.0
871,432,46.0
872,432,0.0
873,432,0.0
874,432,46.0
875,432,0.0
876,432,0.0
877,432,0.0
878,432,0.0
879,432,0.0
880,432,46.0
881,432,0.0
882,432,46.0
883,432,0.0
884,432,0.0
885,432,0.0
886,432,0.0
887,432,0.0
888,432,46.0
889,432,0.0
890,432,0.0
891,432,0.0
892,432,0.0
893,432,0.0
894,432,0.0
895,432,0.0
896,432,0.0
897,432,0.0
898,432,0.0
899,432,0.0
900,432,0.0
901,432,0.0
902,432,0.0
903,432,0.0
904,432,0.0
905,432,46.0
906,432,0.0
907,432,0.0
908,432,0.0
909,432,46.0
910,432,0.0
911,432,0.0
912,432,46.0
913,432,0.0
914,432,0.0
915,432,0.0
916,432,0.0
917,432,0.0
918,432,0.0
919,432,0.0
920,432,0.0
921,432,46.0
922,432,0.0
923,432,46.0
924,432,0.0
925,432,0.0
926,432,0.0
927,432,46.0
928,432,0.0
929,432,0.0
930,432,0.0
931,432,0.0
932,432,0.0
933,432,0.0
934,432,46.0
935,432,46.0
936,432,0.0
937,432,0.0
938,432,0.0
939,432,0.0
940,432,0.0
941,432,0.0
942,432,0.0
943,432,0.0
944,432,0.0
945,432,0.0
946,432,0.0
947,432,0.0
948,432,0.0
949,432,0.0
950,432,0.0
951,432,0.0
952,432,0.0
953,432,0.0
954,432,0.0
955,432,0.0
956,432,0.0
957,432,0.0
958,432,46.0
959,432,0.0
960,432,46.0
961,432,0.0
962,432,0.0
963,432,0.0
964,432,0.0
965,432,0.0
966,432,0.0
967,432,0.0
968,432,0.0
969,432,0.0
970,432,0.0
971,432,0.0
972,432,46.0
973,432,46.0
974,432,0.0
975,432,0.0
976,432,0.0
977,432,0.0
978,432,0.0
979,432,46.0
980,432,46.0
981,432,0.0
982,432,0.0
983,432,46.0
984,432,0.0
985,432,0.0
986,432,0.0
987,432,0.0
988,432,46.0
989,432,0.0
990,432,0.0
991,432,0.0
992,432,0.0
993,432,46.0
994,432,0.0
995,432,46.0
996,432,0.0
997,432,46.0
998,432,0.0
999,432,0.0
1000,432,0.0
1001,432,0.0
1002,432,0.0
1003,432,0.0
1004,432,46.0
1005,432,0.0
1006,432,0.0
1007,432,46.0
1008,432,0.0
1009,432,0.0
1010,432,0.0
1011,432,0.0
1012,432,0.0
1013,432,0.0
1014,432,0.0
1015,432,46.0
1016,432,0.0
1017,432,0.0
1018,432,0.0
1019,432,0.0
1020,432,0.0
1021,432,0.0
1022,432,0.0
1023,432,0.0
1024,432,0.0
1025,432,0.0
1026,432,0.0
1027,432,0.0
1028,432,0.0
1029,432,0.0
1030,432,0.0
1031,432,0.0
1032,432,46.0
1033,432,0.0
1034,432,46.0
1035,432,0.0
1036,432,0.0
1037,432,46.0
1038,432,0.0
1039,432,0.0
1040,432,0.0
1041,432,0.0
1042,432,0.0
1043,432,0.0
1044,432,0.0
1045,432,0.0
1046,432,0.0
1047,432,0.0
1048,432,0.0
1049,432,0.0
1050,432,0.0
1051,432,0.0
1052,432,46.0
1053,432,0.0
1054,432,0.0
1055,432,0.0
1056,432,0.0
1057,432,0.0
1058,432,0.0
1059,432,46.0
1060,432,0.0
1061,432,0.0
1062,432,0.0
1063,432,0.0
1064,432,46.0
1065,432,0.0
1066,432,0.0
1067,432,46.0
1068,432,0.0
1069,432,46.0
1070,432,0.0
1071,432,0.0
1072,432,0.0
1073,432,0.0
1074,432,0.0
1075,432,0.0
1076,432,0.0
1077,432,0.0
1078,432,0.0
1079,432,0.0
1080,432,46.0
1081,432,0.0
1082,432,0.0
1083,432,0.0
1084,432,0.0
1085,432,0.0
1086,432,0.0
1087,432,0.0
1088,432,0.0
1089,432,46.0
1090,432,0.0
1091,432,0.0
1092,432,0.0
1093,432,0.0
1094,432,0.0
1095,432,0.0
1096,432,0.0
1097,432,46.0
1098,432,0.0
1099,432,0.0
1100,432,0.0
1101,432,46.0
1102,432,0.0
1103,432,46.0
1104,432,0.0
1105,432,46.0
1106,432,0.0
1107,432,0.0
1108,432,0.0
1109,432,0.0
1110,432,0.0
1111,432,0.0
1112,432,0.0
1113,432,0.0
1114,432,0.0
1115,432,0.0
1116,432,0.0
1117,432,0.0
1118,432,46.0
1119,432,0.0
1120,432,46.0
1121,432,0.0
1122,432,0.0
1123,432,0.0
1124,432,0.0
1125,432,0.0
1126,432,0.0
1127,432,0.0
1128,432,0.0
1129,432,0.0
1130,432,0.0
1131,432,0.0
1132,432,0.0
1133,432,0.0
1134,432,46.0
1135,432,0.0
1136,432,0.0
1137,432,0.0
1138,432,46.0
1139,432,0.0
1140,432,0.0
1141,432,46.0
1142,432,46.0
1143,432,0.0
1144,432,0.0
1145,432,0.0
1146,432,0.0
1147,432,0.0
1148,432,0.0
1149,432,0.0
1150,432,46.0
1151,432,46.0
1152,432,0.0
1153,432,0.0
1154,432,0.0
1155,432,0.0
1156,432,0.0
1157,432,0.0
1158,432,0.0
1159,432,0.0
1160,432,0.0
1161,432,0.0
1162,432,0.0
1163,432,0.0
1164,432,0.0
1165,432,0.0
1166,432,46.0
1167,432,0.0
1168,432,0.0
1169,432,0.0
1170,432,0.0
1171,432,0.0
1172,432,0.0
1173,432,0.0
1174,432,0.0
1175,432,0.0
1176,432,0.0
1177,432,0.0
1178,432,0.0
1179,432,0.0
1180,432,0.0
1181,432,0.0
1182,432,0.0
1183,432,0.0
1184,432,0.0
1185,432,0.0
1186,432,0.0
1187,432,0.0
1188,432,0.0
1189,432,0.0
1190,432,0.0
1191,432,0.0
1192,432,0.0
1193,432,46.0
1194,432,0.0
1195,432,0.0
1196,432,46.0
1197,432,46.0
1198,432,0.0
1199,432,0.0
1200,432,0.0
1201,432,0.0
1202,432,0.0
1203,432,46.0
1204,432,0.0
1205,432,0.0
1206,432,0.0
1207,432,0.0
1208,432,0.0
1209,432,0.0
1210,432,0.0
1211,432,0.0
1212,432,0.0
1213,432,0.0
1214,432,46.0
1215,432,0.0
1216,432,0.0
1217,432,0.0
1218,432,0.0
1219,432,46.0
1220,432,0.0
1221,432,0.0
1222,432,0.0
1223,432,0.0
1224,432,0.0
1225,432,0.0
1226,432,0.0
1227,432,0.0
1228,432,0.0
1229,432,0.0
1230,432,46.0
1231,432,0.0
1232,432,0.0
1233,432,46.0
1234,432,0.0
1235,432,0.0
1236,432,0.0
1237,432,0.0
1238,432,0.0
1239,432,46.0
1240,432,0.0
1241,432,0.0
1242,432,0.0
1243,432,46.0
1244,432,0.0
1245,432,0.0
1246,432,0.0
1247,432,46.0
1248,432,0.0
1249,432,0.0
1250,432,46.0
1251,432,0.0
1252,432,0.0
1253,432,0.0
1254,432,0.0
1255,432,0.0
1256,432,0.0
1257,432,0.0
1258,432,46.0
1259,432,0.0
1260,432,0.0
1261,432,0.0
1262,432,0.0
1263,432,0.0
1264,432,0.0
1265,432,0.0
1266,432,0.0
1267,432,0.0
1268,432,0.0
1269,432,0.0
1270,432,0.0
1271,432,0.0
1272,432,46.0
1273,432,46.0
1274,432,0.0
1275,432,0.0
1276,432,0.0
1277,432,0.0
1278,432,0.0
1279,432,0.0
1280,432,0.0
1281,432,46.0
1282,432,46.0
1283,432,0.0
1284,432,0.0
1285,432,0.0
1286,432,0.0
1287,432,46.0
1288,432,0.0
1289,432,0.0
1290,432,0.0
1291,432,46.0
1292,432,0.0
1293,432,46.0
1294,432,0.0
1295,432,0.0
1296,432,0.0
1297,432,0.0
1298,432,0.0
1299,432,0.0
1300,432,0.0
1301,432,0.0
1302,432,0.0
1303,432,0.0
1304,432,0.0
1305,432,0.0
1306,432,0.0
1307,432,0.0
1308,432,0.0
1309,432,46.0
1310,432,0.0
1311,432,0.0
1312,432,0.0
1313,432,0.0
1314,432,0.0
1315,432,46.0
1316,432,46.0
1317,432,0.0
1318,432,0.0
1319,432,46.0
1320,432,0.0
1321,432,46.0
1322,432,0.0
1323,432,0.0
1324,432,0.0
1325,432,0.0
1326,432,0.0
1327,432,0.0
1328,432,0.0
1329,432,0.0
1330,432,0.0
1331,432,0.0
1332,432,0.0
1333,432,0.0
1334,432,0.0
1335,432,0.0
1336,432,46.0
1337,432,0.0
1338,432,0.0
1339,432,0.0
1340,432,0.0
1341,432,46.0
1342,432,0.0
1343,432,0.0
1344,432,0.0
1345,432,0.0
1346,432,0.0
1347,432,0.0
1348,432,0.0
1349,432,0.0
1350,432,0.0
1351,432,0.0
1352,432,0.0
1353,432,0.0
1354,432,0.0
1355,432,0.0
1356,432,0.0
1357,432,0.0
1358,432,0.0
1359,432,46.0
1360,432,0.0
1361,432,46.0
1362,432,0.0
1363,432,0.0
1364,432,0.0
1365,432,0.0
1366,432,0.0
1367,432,0.0
1368,432,0.0
1369,432,0.0
1370,432,0.0
1371,432,46.0
1372,432,0.0
1373,432,46.0
1374,432,0.0
1375,432,0.0
1376,432,0.0
1377,432,0.0
1378,432,0.0
1379,432,46.0
1380,432,0.0
1381,432,46.0
1382,432,0.0
1383,432,0.0
1384,432,0.0
1385,432,0.0
1386,432,0.0
1387,432,0.0
1388,432,0.0
1389,432,0.0
1390,432,0.0
1391,432,46.0
1392,432,0.0
1393,432,0.0
1394,432,0.0
1395,432,0.0
1396,432,0.0
1397,432,0.0
1398,432,0.0
1399,432,0.0
1400,432,0.0
1401,432,0.0
1402,432,0.0
1403,432,0.0
1404,432,0.0
1405,432,0.0
1406,432,0.0
1407,432,0.0
1408,432,0.0
1409,432,46.0
1410,432,0.0
1411,432,46.0
1412,432,0.0
1413,432,0.0
1414,432,46.0
1415,432,0.0
1416,432,0.0
1417,432,46.0
1418,432,0.0
1419,432,46.0
1420,432,0.0
1421,432,0.0
1422,432,0.0
1423,432,0.0
1424,432,0.0
1425,432,0.0
1426,432,0.0
1427,432,0.0
1428,432,0.0
1429,432,0.0
1430,432,0.0
1431,432,0.0
1432,432,46.0
1433,432,0.0
1434,432,0.0
1435,432,0.0
1436,432,0.0
1437,432,0.0
1438,432,46.0
1439,432,0.0
1440,432,46.0
1441,432,0.0
1442,432,46.0
1443,432,0.0
1444,432,0.0
1445,432,46.0
1446,432,0.0
1447,432,0.0
1448,432,0.0
1449,432,0.0
1450,432,0.0
1451,432,0.0
1452,432,0.0
1453,432,46.0
1454,432,0.0
1455,432,0.0
1456,432,46.0
1457,432,0.0
1458,432,0.0
1459,432,0.0
1460,432,0.0
1461,432,46.0
1462,432,46.0
1463,432,46.0
1464,432,0.0
1465,432,0.0
1466,432,0.0
1467,432,0.0
1468,432,0.0
1469,432,0.0
1470,432,0.0
1471,432,0.0
1472,432,46.0
1473,432,0.0
1474,432,0.0
1475,432,0.0
1476,432,0.0
1477,432,0.0
1478,432,0.0
1479,432,0.0
1480,432,0.0
1481,432,46.0
1482,432,0.0
1483,432,0.0
1484,432,0.0
1485,432,0.0
1486,432,0.0
1487,432,0.0
1488,432,46.0
1489,432,46.0
1490,432,0.0
1491,432,0.0
1492,432,0.0
1493,432,0.0
1494,432,0.0
1495,432,0.0
1496,432,0.0
1497,432,46.0
1498,432,0.0
1499,432,46.0
1500,432,0.0
1501,432,0.0
1502,432,0.0
1503,432,0.0
1504,432,0.0
1505,432,0.0
1506,432,0.0
1507,432,0.0
1508,432,0.0
1509,432,0.0
1510,432,0.0
1511,432,46.0
1512,432,0.0
1513,432,46.0
1514,432,0.0
1515,432,0.0
1516,432,0.0
1517,432,0.0
1518,432,46.0
1519,432,0.0
1520,432,0.0
1521,432,0.0
1522,432,0.0
1523,432,0.0
1524,432,0.0
1525,432,0.0
1526,432,0.0
1527,432,0.0
1528,432,0.0
1529,432,0.0
1530,432,0.0
1531,432,0.0
1532,432,46.0
1533,432,0.0
1534,432,0.0
1535,432,0.0
1536,432,0.0
1537,432,0.0
1538,432,0.0
1539,432,0.0
1540,432,46.0
1541,432,0.0
1542,432,0.0
1543,432,46.0
1544,432,0.0
1545,432,0.0
1546,432,0.0
1547,432,46.0
1548,432,0.0
1549,432,0.0
1550,432,0.0
1551,432,0.0
1552,432,0.0
1553,432,0.0
1554,432,0.0
1555,432,0.0
1556,432,0.0
1557,432,0.0
1558,432,0.0
1559,432,0.0
1560,432,46.0
1561,432,0.0
1562,432,0.0
1563,432,0.0
1564,432,0.0
1565,432,0.0
1566,432,0.0
1567,432,46.0
1568,432,0.0
1569,432,0.0
1570,432,0.0
1571,432,46.0
1572,432,0.0
1573,432,0.0
1574,432,0.0
1575,432,0.0
1576,432,0.0
1577,432,46.0
1578,432,0.0
1579,432,0.0
1580,432,0.0
1581,432,0.0
1582,432,0.0
1583,432,0.0
1584,432,0.0
1585,432,0.0
1586,432,0.0
1587,432,0.0
1588,432,0.0
1589,432,0.0
1590,432,0.0
1591,432,0.0
1592,432,0.0
1593,432,0.0
1594,432,0.0
1595,432,0.0
1596,432,0.0
1597,432,0.0
1598,432,0.0
1599,432,0.0
1600,432,0.0
1601,432,0.0
1602,432,0.0
1603,432,0.0
1604,432,0.0
1605,432,0.0
1606,432,0.0
1607,432,46.0
1608,432,0.0
1609,432,46.0
1610,432,0.0
1611,432,0.0
1612,432,0.0
1613,432,46.0
1614,432,0.0
1615,432,46.0
1616,432,46.0
1617,432,0.0
1618,432,0.0
1619,432,0.0
1620,432,0.0
1621,432,46.0
1622,432,0.0
1623,432,0.0
1624,432,0.0
1625,432,46.0
1626,432,46.0
1627,432,0.0
1628,432,0.0
1629,432,46.0
1630,432,0.0
1631,432,0.0
1632,432,0.0
1633,432,46.0
1634,432,0.0
1635,432,0.0
1636,432,0.0
1637,432,46.0
1638,432,0.0
1639,432,46.0
1640,432,0.0
1641,432,0.0
1642,432,0.0
1643,432,0.0
1644,432,0.0
1645,432,0.0
1646,432,0.0
1647,432,46.0
1648,432,0.0
1649,432,0.0
1650,432,0.0
1651,432,0.0
1652,432,0.0
1653,432,0.0
1654,432,0.0
1655,432,0.0
1656,432,46.0
1657,432,0.0
1658,432,0.0
1659,432,0.0
1660,432,0.0
1661,432,46.0
1662,432,0.0
1663,432,0.0
1664,432,0.0
1665,432,0.0
1666,432,0.0
1667,432,0.0
1668,432,0.0
1669,432,0.0
1670,432,0.0
1671,432,0.0
1672,432,0.0
1673,432,46.0
1674,432,0.0
1675,432,46.0
1676,432,0.0
1677,432,0.0
1678,432,0.0
1679,432,0.0
1680,432,0.0
1681,432,0.0
1682,432,46.0
1683,432,0.0
1684,432,0.0
1685,432,0.0
1686,432,0.0
1687,432,0.0
1688,432,0.0
1689,432,0.0
1690,432,46.0
1691,432,46.0
1692,432,0.0
1693,432,46.0
1694,432,0.0
1695,432,0.0
1696,432,0.0
1697,432,0.0
1698,432,46.0
1699,432,0.0
1700,432,0.0
1701,432,0.0
1702,432,46.0
1703,432,0.0
1704,432,0.0
1705,432,0.0
1706,432,0.0
1707,432,0.0
1708,432,0.0
1709,432,0.0
1710,432,0.0
1711,432,0.0
1712,432,0.0
1713,432,0.0
1714,432,0.0
1715,432,0.0
1716,432,0.0
1717,432,0.0
1718,432,0.0
1719,432,0.0
1720,432,0.0
1721,432,0.0
1722,432,0.0
1723,432,0.0
1724,432,0.0
1725,432,0.0
1726,432,46.0
1727,432,46.0
1728,432,0.0
1729,432,0.0
1730,432,0.0
1731,432,0.0
1732,432,0.0
1733,432,46.0
1734,432,0.0
1735,432,0.0
1736,432,46.0
1737,432,0.0
1738,432,46.0
1739,432,0.0
1740,432,0.0
1741,432,0.0
1742,432,0.0
1743,432,46.0
1744,432,46.0
1745,432,0.0
1746,432,0.0
1747,432,0.0
1748,432,0.0
1749,432,0.0
1750,432,0.0
1751,432,0.0
1752,432,46.0
1753,432,0.0
1754,432,0.0
1755,432,0.0
1756,432,0.0
1757,432,0.0
1758,432,0.0
1759,432,46.0
1760,432,0.0
1761,432,0.0
1762,432,0.0
1763,432,0.0
1764,432,0.0
1765,432,0.0
1766,432,46.0
1767,432,0.0
1768,432,0.0
1769,432,0.0
1770,432,0.0
1771,432,0.0
1772,432,0.0
1773,432,0.0
1774,432,0.0
1775,432,0.0
1776,432,0.0
1777,432,0.0
1778,432,0.0
1779,432,0.0
1780,432,46.0
1781,432,0.0
1782,432,0.0
1783,432,0.0
1784,432,46.0
1785,432,0.0
1786,432,0.0
1787,432,0.0
1788,432,46.0
1789,432,0.0
1790,432,0.0
1791,432,0.0
1792,432,0.0
1793,432,46.0
1794,432,0.0
1795,432,0.0
1796,432,0.0
1797,432,0.0
1798,432,0.0
1799,432,0.0
1800,432,0.0
1801,432,0.0
1802,432,0.0
1803,432,0.0
1804,432,46.0
1805,432,0.0
1806,432,0.0
1807,432,0.0
1808,432,0.0
1809,432,46.0
1810,432,0.0
1811,432,0.0
1812,432,0.0
1813,432,0.0
1814,432,0.0
1815,432,46.0
1816,432,0.0
1817,432,0.0
1818,432,0.0
1819,432,0.0
1820,432,0.0
1821,432,0.0
1822,432,0.0
1823,432,0.0
1824,432,0.0
1825,432,46.0
1826,432,0.0
1827,432,0.0
1828,432,0.0
1829,432,0.0
1830,432,0.0
1831,432,0.0
1832,432,0.0
1833,432,0.0
1834,432,0.0
1835,432,0.0
1836,432,0.0
1837,432,0.0
1838,432,0.0
1839,432,46.0
1840,432,0.0
1841,432,0.0
1842,432,46.0
1843,432,0.0
1844,432,0.0
1845,432,0.0
1846,432,0.0
1847,432,0.0
1848,432,0.0
1849,432,0.0
1850,432,0.0
1851,432,0.0
1852,432,0.0
1853,432,0.0
1854,432,46.0
1855,432,0.0
1856,432,0.0
1857,432,0.0
1858,432,46.0
1859,432,0.0
1860,432,0.0
1861,432,46.0
1862,432,0.0
1863,432,0.0
1864,432,46.0
1865,432,46.0
1866,432,0.0
1867,432,0.0
1868,432,0.0
1869,432,0.0
1870,432,0.0
1871,432,46.0
1872,432,0.0
1873,432,46.0
1874,432,0.0
1875,432,0.0
1876,432,0.0
1877,432,0.0
1878,432,46.0
1879,432,0.0
1880,432,0.0
1881,432,0.0
1882,432,0.0
1883,432,0.0
1884,432,46.0
1885,432,46.0
1886,432,0.0
1887,432,0.0
1888,432,0.0
1889,432,0.0
1890,432,0.0
1891,432,46.0
1892,432,0.0
1893,432,46.0
1894,432,0.0
1895,432,0.0
1896,432,0.0
1897,432,0.0
1898,432,0.0
1899,432,0.0
1900,432,0.0
1901,432,46.0
1902,432,0.0
1903,432,0.0
1904,432,0.0
1905,432,0.0
1906,432,0.0
1907,432,0.0
1908,432,0.0
1909,432,0.0
1910,432,0.0
1911,432,0.0
1912,432,0.0
1913,432,0.0
1914,432,0.0
1915,432,0.0
1916,432,0.0
1917,432,46.0
1918,432,46.0
1919,432,0.0
1920,432,0.0
1921,432,0.0
1922,432,0.0
1923,432,46.0
1924,432,0.0
1925,432,0.0
1926,432,0.0
1927,432,46.0
1928,432,0.0
1929,432,0.0
1930,432,46.0
1931,432,46.0
1932,432,0.0
1933,432,46.0
1934,432,0.0
1935,432,0.0
1936,432,0.0
1937,432,0.0
1938,432,46.0
1939,432,0.0
1940,432,0.0
1941,432,0.0
1942,432,0.0
1943,432,46.0
1944,432,0.0
1945,432,0.0
1946,432,0.0
1947,432,46.0
1948,432,0.0
1949,432,0.0
1950,432,0.0
1951,432,0.0
1952,432,0.0
1953,432,0.0
1954,432,0.0
1955,432,0.0
1956,432,0.0
1957,432,0.0
1958,432,46.0
1959,432,0.0
1960,432,0.0
1961,432,0.0
1962,432,46.0
1963,432,0.0
1964,432,0.0
1965,432,0.0
1966,432,0.0
1967,432,0.0
1968,432,0.0
1969,432,46.0
1970,432,46.0
1971,432,0.0
1972,432,0.0
1973,432,0.0
1974,432,0.0
1975,432,0.0
1976,432,0.0
1977,432,0.0
1978,432,0.0
1979,432,0.0
1980,432,0.0
1981,432,0.0
1982,432,0.0
1983,432,0.0
1984,432,0.0
1985,432,0.0
1986,432,0.0
1987,432,0.0
1988,432,0.0
1989,432,46.0
1990,432,0.0
1991,432,0.0
1992,432,0.0
1993,432,0.0
1994,432,0.0
1995,432,0.0
1996,432,46.0
1997,432,0.0
1998,432,0.0
1999,432,46.0
2000,432,0.0
2001,432,0.0
2002,432,0.0
2003,432,0.0
2004,432,0.0
2005,432,0.0
2006,432,46.0
2007,432,0.0
2008,432,0.0
2009,432,0.0
2010,432,0.0
2011,432,0.0
2012,432,0.0
2013,432,0.0
2014,432,0.0
2015,432,0.0
2016,432,0.0
2017,432,0.0
2018,432,0.0
2019,432,46.0
2020,432,0.0
2021,432,0.0
2022,432,0.0
2023,432,46.0
2024,432,0.0
2025,432,0.0
2026,432,46.0
2027,432,46.0
2028,432,0.0
2029,432,46.0
2030,432,46.0
2031,432,0.0
2032,432,0.0
2033,432,46.0
2034,432,0.0
2035,432,46.0
2036,432,0.0
2037,432,0.0
2038,432,0.0
2039,432,46.0
2040,432,46.0
2041,432,0.0
2042,432,0.0
2043,432,0.0
2044,432,0.0
2045,432,0.0
2046,432,0.0
2047,432,0.0
2048,432,46.0
2049,432,0.0
2050,432,0.0
2051,432,0.0
2052,432,0.0
2053,432,0.0
2054,432,0.0
2055,432,0.0
2056,432,0.0
2057,432,46.0
2058,432,0.0
2059,432,0.0
2060,432,0.0
2061,432,0.0
2062,432,0.0
2063,432,0.0
2064,432,46.0
2065,432,0.0
2066,432,0.0
2067,432,0.0
2068,432,0.0
2069,432,46.0
2070,432,0.0
2071,432,0.0
2072,432,0.0
2073,432,0.0
2074,432,0.0
2075,432,0.0
2076,432,0.0
2077,432,0.0
2078,432,0.0
2079,432,0.0
2080,432,0.0
2081,432,0.0
2082,432,0.0
2083,432,46.0
2084,432,0.0
2085,432,0.0
2086,432,0.0
2087,432,46.0
2088,432,0.0
2089,432,46.0
2090,432,0.0
2091,432,0.0
2092,432,0.0
2093,432,0.0
2094,432,0.0
2095,432,0.0
2096,432,0.0
2097,432,0.0
2098,432,0.0
2099,432,0.0
2100,432,0.0
2101,432,0.0
2102,432,46.0
2103,432,46.0
2104,432,0.0
2105,432,0.0
2106,432,0.0
2107,432,46.0
2108,432,0.0
2109,432,0.0
2110,432,0.0
2111,432,0.0
2112,432,46.0
2113,432,0.0
2114,432,0.0
2115,432,0.0
2116,432,0.0
2117,432,0.0
2118,432,0.0
2119,432,0.0
2120,432,0.0
2121,432,0.0
2122,432,0.0
2123,432,0.0
2124,432,0.0
2125,432,0.0
2126,432,0.0
2127,432,0.0
2128,432,46.0
2129,432,0.0
2130,432,46.0
2131,432,0.0
2132,432,0.0
2133,432,46.0
2134,432,0.0
2135,432,0.0
2136,432,0.0
2137,432,0.0
2138,432,0.0
2139,432,0.0
2140,432,0.0
2141,432,0.0
2142,432,0.0
2143,432,0.0
2144,432,0.0
2145,432,0.0
2146,432,0.0
2147,432,0.0
2148,432,0.0
2149,432,0.0
2150,432,0.0
2151,432,46.0
2152,432,46.0
2153,432,46.0
2154,432,0.0
2155,432,0.0
2156,432,0.0
2157,432,46.0
2158,432,0.0
2159,432,0.0
2160,432,0.0
2161,432,0.0
2162,432,46.0
2163,432,46.0
2164,432,0.0
2165,432,0.0
2166,432,0.0
2167,432,0.0
2168,432,0.0
2169,432,0.0
2170,432,0.0
2171,432,0.0
2172,432,46.0
2173,432,0.0
2174,432,46.0
2175,432,0.0
2176,432,0.0
2177,432,0.0
2178,432,46.0
2179,432,0.0
2180,432,0.0
2181,432,0.0
2182,432,0.0
2183,432,46.0
2184,432,0.0
2185,432,0.0
2186,432,0.0
2187,432,0.0
2188,432,0.0
2189,432,0.0
2190,432,0.0
2191,432,46.0
2192,432,0.0
2193,432,0.0
2194,432,46.0
2195,432,0.0
2196,432,46.0
2197,432,0.0
2198,432,0.0
2199,432,0.0
2200,432,46.0
2201,432,0.0
2202,432,0.0
2203,432,0.0
2204,432,0.0
2205,432,46.0
2206,432,0.0
2207,432,0.0
2208,432,0.0
2209,432,0.0
2210,432,0.0
2211,432,0.0
2212,432,0.0
2213,432,46.0
2214,432,0.0
2215,432,46.0
2216,432,0.0
2217,432,0.0
2218,432,0.0
2219,432,0.0
2220,432,0.0
2221,432,0.0
2222,432,0.0
2223,432,46.0
2224,432,0.0
2225,432,0.0
2226,432,46.0
2227,432,0.0
2228,432,0.0
2229,432,46.0
2230,432,0.0
2231,432,0.0
2232,432,0.0
2233,432,46.0
2234,432,0.0
2235,432,0.0
2236,432,0.0
2237,432,0.0
2238,432,0.0
2239,432,0.0
2240,432,46.0
2241,432,0.0
2242,432,0.0
2243,432,0.0
2244,432,0.0
2245,432,0.0
2246,432,0.0
2247,432,0.0
2248,432,0.0
2249,432,46.0
2250,432,0.0
2251,432,0.0
2252,432,0.0
2253,432,0.0
2254,432,0.0
2255,432,0.0
2256,432,0.0
2257,432,0.0
2258,432,0.0
2259,432,0.0
2260,432,0.0
2261,432,0.0
2262,432,46.0
2263,432,0.0
2264,432,0.0
2265,432,0.0
2266,432,0.0
2267,432,0.0
2268,432,0.0
2269,432,46.0
2270,432,0.0
2271,432,46.0
2272,432,0.0
2273,432,0.0
2274,432,0.0
2275,432,0.0
2276,432,46.0
2277,432,46.0
2278,432,0.0
2279,432,0.0
2280,432,0.0
2281,432,0.0
2282,432,0.0
2283,432,0.0
2284,432,0.0
2285,432,0.0
2286,432,0.0
2287,432,0.0
2288,432,46.0
2289,432,0.0
2290,432,0.0
2291,432,46.0
2292,432,46.0
2293,432,0.0
2294,432,0.0
2295,432,0.0
2296,432,0.0
2297,432,46.0
2298,432,0.0
2299,432,0.0
2300,432,0.0
2301,432,46.0
2302,432,0.0
2303,432,0.0
2304,432,0.0
2305,432,46.0
2306,432,0.0
2307,432,0.0
2308,432,0.0
2309,432,0.0
2310,432,0.0
2311,432,0.0
2312,432,0.0
2313,432,0.0
2314,432,0.0
2315,432,0.0
2316,432,0.0
2317,432,0.0
2318,432,0.0
2319,432,0.0
2320,432,46.0
2321,432,46.0
2322,432,0.0
2323,432,0.0
2324,432,0.0
2325,432,46.0
2326,432,0.0
2327,432,0.0
2328,432,0.0
2329,432,46.0
2330,432,0.0
2331,432,0.0
2332,432,0.0
2333,432,0.0
2334,432,0.0
2335,432,0.0
2336,432,0.0
2337,432,0.0
2338,432,0.0
2339,432,0.0
2340,432,0.0
2341,432,46.0
2342,432,0.0
2343,432,0.0
2344,432,0.0
2345,432,0.0
2346,432,0.0
2347,432,0.0
2348,432,0.0
2349,432,0.0
2350,432,0.0
2351,432,46.0
2352,432,46.0
2353,432,0.0
2354,432,0.0
2355,432,0.0
2356,432,46.0
2357,432,0.0
2358,432,46.0
2359,432,0.0
2360,432,0.0
2361,432,0.0
2362,432,46.0
2363,432,0.0
2364,432,0.0
2365,432,0.0
2366,432,0.0
2367,432,0.0
2368,432,0.0
2369,432,0.0
2370,432,0.0
2371,432,0.0
2372,432,0.0
2373,432,0.0
2374,432,0.0
2375,432,0.0
2376,432,0.0
2377,432,0.0
2378,432,46.0
2379,432,0.0
2380,432,0.0
2381,432,46.0
2382,432,0.0
2383,432,0.0
2384,432,0.0
2385,432,46.0
2386,432,0.0
2387,432,0.0
2388,432,0.0
2389,432,0.0
2390,432,46.0
2391,432,46.0
2392,432,0.0
2393,432,0.0
2394,432,0.0
2395,432,0.0
2396,432,0.0
2397,432,46.0
2398,432,0.0
2399,432,46.0
2400,432,0.0
2401,432,0.0
2402,432,0.0
2403,432,0.0
2404,432,0.0
2405,432,0.0
2406,432,0.0
2407,432,0.0
2408,432,0.0
2409,432,0.0
2410,432,0.0
2411,432,0.0
2412,432,46.0
2413,432,0.0
2414,432,0.0
2415,432,0.0
2416,432,46.0
2417,432,46.0
2418,432,0.0
2419,432,0.0
2420,432,0.0
2421,432,46.0
2422,432,0.0
2423,432,46.0
2424,432,0.0
2425,432,0.0
2426,432,46.0
2427,432,0.0
2428,432,0.0
2429,432,0.0
2430,432,46.0
2431,432,0.0
2432,432,0.0
2433,432,0.0
2434,432,0.0
2435,432,0.0
2436,432,0.0
2437,432,0.0
2438,432,0.0
2439,432,0.0
2440,432,0.0
2441,432,46.0
2442,432,0.0
2443,432,0.0
2444,432,0.0
2445,432,46.0
2446,432,0.0
2447,432,0.0
2448,432,0.0
2449,432,0.0
2450,432,0.0
2451,432,46.0
2452,432,0.0
2453,432,0.0
2454,432,0.0
2455,432,0.0
2456,432,0.0
2457,432,0.0
2458,432,0.0
2459,432,46.0
2460,432,0.0
2461,432,0.0
2462,432,0.0
2463,432,0.0
2464,432,0.0
2465,432,0.0
2466,432,0.0
2467,432,46.0
2468,432,0.0
2469,432,0.0
2470,432,0.0
2471,432,0.0
2472,432,0.0
2473,432,0.0
2474,432,0.0
2475,432,46.0
2476,432,0.0
2477,432,0.0
2478,432,0.0
2479,432,0.0
2480,432,46.0
2481,432,0.0
2482,432,46.0
2483,432,0.0
2484,432,0.0
2485,432,46.0
2486,432,0.0
2487,432,0.0
2488,432,0.0
2489,432,0.0
2490,432,0.0
2491,432,46.0
2492,432,0.0
2493,432,0.0
2494,432,0.0
2495,432,0.0
2496,432,46.0
2497,432,0.0
2498,432,0.0
2499,432,0.0
2500,432,0.0
2501,432,0.0
2502,432,0.0
2503,432,0.0
2504,432,0.0
2505,432,0.0
2506,432,0.0
2507,432,0.0
2508,432,0.0
2509,432,0.0
2510,432,0.0
2511,432,46.0
2512,432,0.0
2513,432,0.0
2514,432,0.0
2515,432,0.0
2516,432,0.0
2517,432,0.0
2518,432,46.0
2519,432,0.0
2520,432,0.0
2521,432,0.0
2522,432,0.0
2523,432,0.0
2524,432,46.0
2525,432,0.0
2526,432,0.0
2527,432,0.0
2528,432,0.0
2529,432,0.0
2530,432,0.0
2531,432,46.0
2532,432,46.0
2533,432,0.0
2534,432,0.0
2535,432,0.0
2536,432,0.0
2537,432,46.0
2538,432,46.0
2539,432,0.0
2540,432,0.0
2541,432,0.0
2542,432,0.0
2543,432,0.0
2544,432,0.0
2545,432,0.0
2546,432,0.0
2547,432,0.0
2548,432,0.0
2549,432,46.0
2550,432,0.0
2551,432,0.0
2552,432,0.0
2553,432,0.0
2554,432,46.0
2555,432,0.0
2556,432,0.0
2557,432,0.0
2558,432,0.0
2559,432,0.0
2560,432,0.0
2561,432,0.0
2562,432,46.0
2563,432,0.0
2564,432,0.0
2565,432,0.0
2566,432,46.0
2567,432,0.0
2568,432,46.0
2569,432,0.0
2570,432,0.0
2571,432,0.0
2572,432,0.0
2573,432,0.0
2574,432,46.0
2575,432,0.0
2576,432,0.0
2577,432,0.0
2578,432,0.0
2579,432,0.0
2580,432,46.0
2581,432,0.0
2582,432,0.0
2583,432,0.0
2584,432,46.0
2585,432,0.0
2586,432,46.0
2587,432,0.0
2588,432,0.0
2589,432,0.0
2590,432,0.0
2591,432,0.0
2592,432,0.0
2593,432,0.0
2594,432,0.0
2595,432,0.0
2596,432,46.0
2597,432,0.0
2598,432,0.0
2599,432,0.0
2600,432,0.0
2601,432,0.0
2602,432,0.0
2603,432,0.0
2604,432,0.0
2605,432,0.0
2606,432,0.0
2607,432,0.0
2608,432,0.0
2609,432,0.0
2610,432,0.0
2611,432,0.0
2612,432,0.0
2613,432,0.0
2614,432,0.0
2615,432,0.0
2616,432,46.0
2617,432,0.0
2618,432,0.0
2619,432,0.0
2620,432,0.0
2621,432,0.0
2622,432,0.0
2623,432,46.0
2624,432,0.0
2625,432,0.0
2626,432,0.0
2627,432,0.0
2628,432,0.0
2629,432,0.0
2630,432,46.0
2631,432,0.0
2632,432,0.0
2633,432,0.0
2634,432,0.0
2635,432,0.0
2636,432,0.0
2637,432,0.0
2638,432,0.0
2639,432,0.0
2640,432,0.0
2641,432,0.0
2642,432,0.0
2643,432,0.0
2644,432,0.0
2645,432,0.0
2646,432,0.0
2647,432,0.0
2648,432,0.0
2649,432,0.0
2650,432,0.0
2651,432,0.0
2652,432,0.0
2653,432,46.0
2654,432,0.0
2655,432,0.0
2656,432,0.0
2657,432,0.0
2658,432,0.0
2659,432,0.0
2660,432,0.0
2661,432,0.0
2662,432,0.0
2663,432,0.0
2664,432,0.0
2665,432,0.0
2666,432,0.0
2667,432,0.0
2668,432,46.0
2669,432,0.0
2670,432,0.0
2671,432,0.0
2672,432,0.0
2673,432,0.0
2674,432,0.0
2675,432,0.0
2676,432,0.0
2677,432,0.0
2678,432,0.0
2679,432,46.0
2680,432,0.0
2681,432,0.0
2682,432,0.0
2683,432,46.0
2684,432,0.0
2685,432,0.0
2686,432,0.0
2687,432,0.0
2688,432,46.0
2689,432,0.0
2690,432,0.0
2691,432,46.0
2692,432,46.0
2693,432,0.0
2694,432,46.0
2695,432,0.0
2696,432,0.0
2697,432,0.0
2698,432,0.0
2699,432,46.0
2700,432,0.0
2701,432,0.0
2702,432,46.0
2703,432,0.0
2704,432,0.0
2705,432,0.0
2706,432,46.0
2707,432,0.0
2708,432,0.0
2709,432,0.0
2710,432,0.0
2711,432,46.0
2712,432,0.0
2713,432,46.0
2714,432,46.0
2715,432,0.0
2716,432,46.0
2717,432,0.0
2718,432,0.0
2719,432,0.0
2720,432,0.0
2721,432,0.0
2722,432,0.0
2723,432,46.0
2724,432,0.0
2725,432,46.0
2726,432,0.0
2727,432,0.0
2728,432,0.0
2729,432,46.0
2730,432,0.0
2731,432,0.0
2732,432,0.0
2733,432,0.0
2734,432,0.0
2735,432,0.0
2736,432,0.0
2737,432,0.0
2738,432,0.0
2739,432,0.0
2740,432,46.0
2741,432,46.0
2742,432,0.0
2743,432,0.0
2744,432,0.0
2745,432,0.0
2746,432,0.0
2747,432,46.0
2748,432,0.0
2749,432,46.0
2750,432,0.0
2751,432,0.0
2752,432,0.0
2753,432,0.0
2754,432,46.0
2755,432,46.0
2756,432,0.0
2757,432,0.0
2758,432,0.0
2759,432,0.0
2760,432,0.0
2761,432,0.0
2762,432,0.0
2763,432,0.0
2764,432,0.0
2765,432,0.0
2766,432,0.0
2767,432,46.0
2768,432,46.0
2769,432,46.0
2770,432,46.0
2771,432,46.0
2772,432,0.0
2773,432,0.0
2774,432,0.0
2775,432,0.0
2776,432,0.0
2777,432,0.0
2778,432,0.0
2779,432,0.0
2780,432,46.0
2781,432,0.0
2782,432,0.0
2783,432,0.0
2784,432,0.0
2785,432,0.0
2786,432,0.0
2787,432,0.0
2788,432,46.0
2789,432,0.0
2790,432,0.0
2791,432,0.0
2792,432,0.0
2793,432,46.0
2794,432,0.0
2795,432,0.0
2796,432,0.0
2797,432,0.0
2798,432,46.0
2799,432,46.0
2800,432,0.0
2801,432,0.0
2802,432,0.0
2803,432,0.0
2804,432,0.0
2805,432,0.0
2806,432,0.0
2807,432,0.0
2808,432,0.0
2809,432,0.0
2810,432,0.0
2811,432,0.0
2812,432,0.0
2813,432,0.0
2814,432,0.0
2815,432,46.0
2816,432,0.0
2817,432,0.0
2818,432,0.0
2819,432,0.0
2820,432,0.0
2821,432,0.0
2822,432,46.0
2823,432,46.0
2824,432,46.0
2825,432,0.0
2826,432,0.0
2827,432,0.0
2828,432,46.0
2829,432,0.0
2830,432,0.0
2831,432,0.0
2832,432,0.0
2833,432,0.0
2834,432,0.0
2835,432,0.0
2836,432,0.0
2837,432,0.0
2838,432,0.0
2839,432,0.0
2840,432,0.0
2841,432,46.0
2842,432,0.0
2843,432,0.0
2844,432,0.0
2845,432,46.0
2846,432,0.0
2847,432,0.0
2848,432,46.0
2849,432,0.0
2850,432,46.0
2851,432,0.0
2852,432,0.0
2853,432,0.0
2854,432,0.0
2855,432,0.0
2856,432,0.0
2857,432,46.0
2858,432,0.0
2859,432,0.0
2860,432,46.0
2861,432,0.0
2862,432,0.0
2863,432,0.0
2864,432,0.0
2865,432,0.0
2866,432,0.0
2867,432,0.0
2868,432,0.0
2869,432,46.0
2870,432,0.0
2871,432,0.0
2872,432,0.0
2873,432,46.0
2874,432,0.0
2875,432,0.0
2876,432,0.0
2877,432,0.0
2878,432,0.0
2879,432,46.0
2880,432,0.0
2881,432,46.0
2882,432,0.0
2883,432,46.0
2884,432,0.0
2885,432,0.0
2886,432,0.0
2887,432,46.0
2888,432,0.0
2889,432,0.0
2890,432,0.0
2891,432,46.0
2892,432,0.0
2893,432,46.0
2894,432,46.0
2895,432,0.0
2896,432,0.0
2897,432,0.0
2898,432,0.0
2899,432,0.0
2900,432,46.0
2901,432,46.0
2902,432,0.0
2903,432,0.0
2904,432,0.0
2905,432,0.0
2906,432,0.0
2907,432,0.0
2908,432,0.0
2909,432,0.0
2910,432,0.0
2911,432,0.0
2912,432,46.0
2913,432,46.0
2914,432,0.0
2915,432,46.0
2916,432,0.0
2917,432,0.0
2918,432,0.0
2919,432,0.0
2920,432,0.0
2921,432,0.0
2922,432,0.0
2923,432,0.0
2924,432,0.0
2925,432,46.0
2926,432,0.0
2927,432,0.0
2928,432,46.0
2929,432,0.0
2930,432,0.0
2931,432,46.0
2932,432,0.0
2933,432,0.0
2934,432,0.0
2935,432,0.0
2936,432,0.0
2937,432,0.0
2938,432,0.0
2939,432,0.0
2940,432,0.0
2941,432,0.0
2942,432,46.0
2943,432,0.0
2944,432,0.0
2945,432,46.0
2946,432,46.0
2947,432,46.0
2948,432,0.0
2949,432,0.0
2950,432,0.0
2951,432,0.0
2952,432,0.0
2953,432,0.0
2954,432,0.0
2955,432,46.0
2956,432,0.0
2957,432,46.0
2958,432,0.0
2959,432,46.0
2960,432,0.0
2961,432,0.0
2962,432,0.0
2963,432,46.0
2964,432,46.0
2965,432,0.0
2966,432,0.0
2967,432,0.0
2968,432,0.0
2969,432,0.0
2970,432,0.0
2971,432,46.0
2972,432,0.0
2973,432,46.0
2974,432,0.0
2975,432,0.0
2976,432,46.0
2977,432,0.0
2978,432,0.0
2979,432,0.0
2980,432,46.0
2981,432,0.0
2982,432,0.0
2983,432,0.0
2984,432,0.0
2985,432,0.0
2986,432,0.0
2987,432,0.0
2988,432,0.0
2989,432,0.0
2990,432,0.0
2991,432,0.0
2992,432,0.0
2993,432,46.0
2994,432,0.0
2995,432,0.0
2996,432,0.0
2997,432,0.0
2998,432,0.0
2999,432,0.0
